{
    "trackName": "Geometrikahl",
    "layoutName": "GP",
    "scale": {
        "x": 10.0,
        "y": 10.0,
        "z": 10.0
    },
    "portals": [
        {
            "position": {
                "x": 35.66999816894531,
                "y": 0.0,
                "z": -3.759999990463257
            },
            "eulerAngles": {
                "x": 0.0,
                "y": -0.00003585848389775492,
                "z": 0.0
            },
            "center": {
                "x": 3.0605268478393556,
                "y": 0.0,
                "z": 5.539843559265137
            },
            "size": {
                "x": 23.965599060058595,
                "y": 20.0,
                "z": 11.09001350402832
            }
        },
        {
            "position": {
                "x": 32.2400016784668,
                "y": 0.0,
                "z": 35.04999923706055
            },
            "eulerAngles": {
                "x": -0.000003531094762365683,
                "y": 280.9600524902344,
                "z": -0.000011535272278706543
            },
            "center": {
                "x": 3.0605459213256838,
                "y": 0.0,
                "z": 5.292428016662598
            },
            "size": {
                "x": 23.965599060058595,
                "y": 20.0,
                "z": 11.584846496582032
            }
        },
        {
            "position": {
                "x": -25.0,
                "y": 0.0,
                "z": 31.799999237060548
            },
            "eulerAngles": {
                "x": -0.000011339799129927997,
                "y": 181.17794799804688,
                "z": 0.000004988123237126274
            },
            "center": {
                "x": 1.1382451057434083,
                "y": -5.684341886080802e-14,
                "z": 5.292436122894287
            },
            "size": {
                "x": 20.121017456054689,
                "y": 20.0,
                "z": 11.584846496582032
            }
        },
        {
            "position": {
                "x": 18.489999771118165,
                "y": 0.0,
                "z": 10.1899995803833
            },
            "eulerAngles": {
                "x": -0.000006816260338382563,
                "y": 182.0449676513672,
                "z": 0.000006586456947843544
            },
            "center": {
                "x": -0.19189760088920594,
                "y": -1.7053025658242404e-13,
                "z": 5.292621612548828
            },
            "size": {
                "x": 16.7612247467041,
                "y": 20.0,
                "z": 11.584846496582032
            }
        },
        {
            "position": {
                "x": -39.41999816894531,
                "y": 0.0,
                "z": -18.0
            },
            "eulerAngles": {
                "x": -0.000006583380127267446,
                "y": 180.05450439453126,
                "z": 0.0000068192293838365
            },
            "center": {
                "x": 7.145076751708984,
                "y": -1.4210854715202004e-13,
                "z": 2.4772744178771974
            },
            "size": {
                "x": 32.13385772705078,
                "y": 20.0,
                "z": 18.265661239624025
            }
        },
        {
            "position": {
                "x": 26.200000762939454,
                "y": 0.0,
                "z": -24.899999618530275
            },
            "eulerAngles": {
                "x": 0.00000716610793460859,
                "y": 86.94680786132813,
                "z": 0.000006204008514032466
            },
            "center": {
                "x": 9.803977012634278,
                "y": -7.958078640513122e-13,
                "z": 5.2925543785095219
            },
            "size": {
                "x": 40.118980407714847,
                "y": 20.0,
                "z": 11.584845542907715
            }
        }
    ],
    "grids": [
        {
            "position": {
                "x": 45.36000061035156,
                "y": 0.0,
                "z": -2.8299999237060549
            },
            "eulerAngles": {
                "x": 0.0,
                "y": 0.000015367924788733944,
                "z": 0.0
            }
        },
        {
            "position": {
                "x": 40.65999984741211,
                "y": 0.0,
                "z": -6.849999904632568
            },
            "eulerAngles": {
                "x": 0.0,
                "y": 0.000015367924788733944,
                "z": 0.0
            }
        },
        {
            "position": {
                "x": 45.459999084472659,
                "y": 0.0,
                "z": -10.729999542236329
            },
            "eulerAngles": {
                "x": 0.0,
                "y": 0.000015367924788733944,
                "z": 0.0
            }
        },
        {
            "position": {
                "x": 40.65999984741211,
                "y": 0.0,
                "z": -14.850000381469727
            },
            "eulerAngles": {
                "x": 0.0,
                "y": 0.000015367924788733944,
                "z": 0.0
            }
        },
        {
            "position": {
                "x": 45.36000061035156,
                "y": 0.0,
                "z": -19.059999465942384
            },
            "eulerAngles": {
                "x": 0.0,
                "y": 0.000015367924788733944,
                "z": 0.0
            }
        },
        {
            "position": {
                "x": 40.65999984741211,
                "y": 0.0,
                "z": -23.079999923706056
            },
            "eulerAngles": {
                "x": 0.0,
                "y": 0.000015367924788733944,
                "z": 0.0
            }
        },
        {
            "position": {
                "x": 45.459999084472659,
                "y": 0.0,
                "z": -26.959999084472658
            },
            "eulerAngles": {
                "x": 0.0,
                "y": 0.000015367924788733944,
                "z": 0.0
            }
        },
        {
            "position": {
                "x": 40.65999984741211,
                "y": 0.0,
                "z": -31.079999923706056
            },
            "eulerAngles": {
                "x": 0.0,
                "y": 0.000015367924788733944,
                "z": 0.0
            }
        }
    ],
    "pits": [],
    "trackObjects": []
}