{
    "trackName": "Sawbrought",
    "layoutName": "GP",
    "scale": {
        "x": 20.0,
        "y": 20.0,
        "z": 20.0
    },
    "cameraPosition": {
        "x": 0.0,
        "y": 72.0,
        "z": -39.0
    },
    "cameraEulerAngles": {
        "x": 68.50000762939453,
        "y": 0.0,
        "z": 0.0
    },
    "portals": [
        {
            "position": {
                "x": 52.5,
                "y": 0.0,
                "z": 0.0
            },
            "eulerAngles": {
                "x": 0.0,
                "y": 219.6963348388672,
                "z": 0.0
            },
            "center": {
                "x": 11.176627159118653,
                "y": 0.0,
                "z": 5.539948463439941
            },
            "size": {
                "x": 40.197547912597659,
                "y": 20.0,
                "z": 11.09001350402832
            }
        },
        {
            "position": {
                "x": 39.20000076293945,
                "y": 1.1970087143708952e-9,
                "z": 45.79999923706055
            },
            "eulerAngles": {
                "x": -0.0000026301720481569648,
                "y": 153.5619354248047,
                "z": 0.000008914801583159715
            },
            "center": {
                "x": 4.81245756149292,
                "y": 1.1368683772161603e-13,
                "z": 5.292442321777344
            },
            "size": {
                "x": 27.46933937072754,
                "y": 20.0,
                "z": 11.584847450256348
            }
        },
        {
            "position": {
                "x": -33.8182373046875,
                "y": 0.0,
                "z": 33.34956359863281
            },
            "eulerAngles": {
                "x": 0.000006576899977517314,
                "y": 55.308860778808597,
                "z": 0.000006825495347584365
            },
            "center": {
                "x": 3.0605459213256838,
                "y": 0.0,
                "z": 5.292428016662598
            },
            "size": {
                "x": 33.86000061035156,
                "y": 20.0,
                "z": 11.584846496582032
            }
        },
        {
            "position": {
                "x": -40.29999923706055,
                "y": 0.0,
                "z": -54.70000076293945
            },
            "eulerAngles": {
                "x": -0.000001269897893507732,
                "y": 308.3632507324219,
                "z": -0.000009393091204401571
            },
            "center": {
                "x": 6.7715163230896,
                "y": -1.1368683772161603e-13,
                "z": 5.292531967163086
            },
            "size": {
                "x": 31.38722801208496,
                "y": 20.0,
                "z": 11.584846496582032
            }
        },
        {
            "position": {
                "x": 51.29999923706055,
                "y": 0.0,
                "z": -30.100000381469728
            },
            "eulerAngles": {
                "x": 0.0000011216700386285084,
                "y": 322.8588562011719,
                "z": -0.000009411944120074622
            },
            "center": {
                "x": 7.1447858810424809,
                "y": -1.1368683772161603e-13,
                "z": 5.292446613311768
            },
            "size": {
                "x": 32.13385772705078,
                "y": 20.0,
                "z": 11.584846496582032
            }
        },
        {
            "position": {
                "x": -39.0,
                "y": 0.0,
                "z": -15.399999618530274
            },
            "eulerAngles": {
                "x": 0.0000065755093601183038,
                "y": 359.9884033203125,
                "z": -0.000006826820481364848
            },
            "center": {
                "x": 7.1447858810424809,
                "y": -1.1368683772161603e-13,
                "z": 5.292446613311768
            },
            "size": {
                "x": 34.099998474121097,
                "y": 20.0,
                "z": 11.584846496582032
            }
        }
    ],
    "grids": [
        {
            "position": {
                "x": -0.48840999603271487,
                "y": 0.0,
                "z": -0.8771305084228516
            },
            "eulerAngles": {
                "x": 0.0,
                "y": 90.0,
                "z": 0.0
            }
        },
        {
            "position": {
                "x": -3.8087172508239748,
                "y": 0.0,
                "z": 4.532529354095459
            },
            "eulerAngles": {
                "x": 0.0,
                "y": 90.0,
                "z": 0.0
            }
        },
        {
            "position": {
                "x": -8.483258247375489,
                "y": 0.0,
                "z": -0.8100000023841858
            },
            "eulerAngles": {
                "x": 0.0,
                "y": 90.0,
                "z": 0.0
            }
        },
        {
            "position": {
                "x": -11.84178352355957,
                "y": 0.0,
                "z": 4.557949542999268
            },
            "eulerAngles": {
                "x": 0.0,
                "y": 90.0,
                "z": 0.0
            }
        }
    ],
    "pits": [],
    "trackObjects": [
        {
            "name": "tire_stack",
            "position": {
                "x": -46.220001220703128,
                "y": 0.0,
                "z": 37.79999923706055
            },
            "rotation": {
                "x": 0.0,
                "y": 0.0,
                "z": 0.0
            },
            "scale": {
                "x": 1.0,
                "y": 1.0,
                "z": 1.0
            }
        },
        {
            "name": "tire_wall",
            "position": {
                "x": 14.34000015258789,
                "y": 0.0,
                "z": 9.220000267028809
            },
            "rotation": {
                "x": 0.0,
                "y": 329.8974609375,
                "z": 0.0
            },
            "scale": {
                "x": 1.000000238418579,
                "y": 1.0,
                "z": 1.000000238418579
            }
        }
    ]
}