{
    "trackName": "Foxford",
    "layoutName": "GP",
    "scale": {
        "x": 10.0,
        "y": 10.0,
        "z": 10.0
    },
    "portals": [
        {
            "position": {
                "x": 4.119999885559082,
                "y": 0.0,
                "z": -37.599998474121097
            },
            "eulerAngles": {
                "x": 0.0,
                "y": 89.99996948242188,
                "z": 0.0
            },
            "center": {
                "x": 3.0605268478393556,
                "y": 0.0,
                "z": 5.539843559265137
            },
            "size": {
                "x": 23.965599060058595,
                "y": 20.0,
                "z": 11.09001350402832
            }
        },
        {
            "position": {
                "x": 40.9900016784668,
                "y": 0.0,
                "z": -25.81999969482422
            },
            "eulerAngles": {
                "x": 0.000006825487162132049,
                "y": 2.1252706050872804,
                "z": -0.0000065768949752964549
            },
            "center": {
                "x": 3.0605459213256838,
                "y": 0.0,
                "z": 5.292428016662598
            },
            "size": {
                "x": 23.965599060058595,
                "y": 20.0,
                "z": 11.584846496582032
            }
        },
        {
            "position": {
                "x": -9.0,
                "y": 0.0,
                "z": -9.100000381469727
            },
            "eulerAngles": {
                "x": 0.000006825487162132049,
                "y": 2.1252706050872804,
                "z": -0.0000065768949752964549
            },
            "center": {
                "x": 1.1382451057434083,
                "y": -5.684341886080802e-14,
                "z": 5.292436122894287
            },
            "size": {
                "x": 20.121017456054689,
                "y": 20.0,
                "z": 11.584846496582032
            }
        },
        {
            "position": {
                "x": 35.119998931884769,
                "y": 0.0,
                "z": 34.599998474121097
            },
            "eulerAngles": {
                "x": 0.0000017018101061694325,
                "y": 326.40582275390627,
                "z": -0.000009324518032371998
            },
            "center": {
                "x": 7.1447858810424809,
                "y": -1.1368683772161603e-13,
                "z": 5.292446613311768
            },
            "size": {
                "x": 32.13385772705078,
                "y": 20.0,
                "z": 11.584846496582032
            }
        },
        {
            "position": {
                "x": -34.5,
                "y": 0.0,
                "z": 36.599998474121097
            },
            "eulerAngles": {
                "x": -0.000009474597391090356,
                "y": 224.4092559814453,
                "z": 2.7348573894414587e-7
            },
            "center": {
                "x": 7.1447858810424809,
                "y": -1.1368683772161603e-13,
                "z": 5.292446613311768
            },
            "size": {
                "x": 32.13385772705078,
                "y": 20.0,
                "z": 11.584846496582032
            }
        },
        {
            "position": {
                "x": -32.79999923706055,
                "y": 0.0,
                "z": -29.799999237060548
            },
            "eulerAngles": {
                "x": -9.891812169371406e-7,
                "y": 142.05294799804688,
                "z": 0.000009426787983102258
            },
            "center": {
                "x": 9.803977012634278,
                "y": -7.958078640513122e-13,
                "z": 5.2925543785095219
            },
            "size": {
                "x": 40.118980407714847,
                "y": 20.0,
                "z": 11.584845542907715
            }
        }
    ],
    "grids": [
        {
            "position": {
                "x": 1.0200002193450928,
                "y": 0.0,
                "z": -42.279998779296878
            },
            "eulerAngles": {
                "x": 0.0,
                "y": 90.0,
                "z": 0.0
            }
        },
        {
            "position": {
                "x": -0.9800000190734863,
                "y": 0.0,
                "z": -37.61000061035156
            },
            "eulerAngles": {
                "x": 0.0,
                "y": 90.0,
                "z": 0.0
            }
        },
        {
            "position": {
                "x": -6.980000019073486,
                "y": 0.0,
                "z": -42.279998779296878
            },
            "eulerAngles": {
                "x": 0.0,
                "y": 90.0,
                "z": 0.0
            }
        },
        {
            "position": {
                "x": -8.979999542236329,
                "y": 0.0,
                "z": -37.61000061035156
            },
            "eulerAngles": {
                "x": 0.0,
                "y": 90.0,
                "z": 0.0
            }
        }
    ],
    "pits": [],
    "trackObjects": [
        {
            "name": "tire_stack",
            "position": {
                "x": -28.06999969482422,
                "y": 0.0,
                "z": 30.760000228881837
            },
            "eulerAngles": {
                "x": 0.0,
                "y": 0.0,
                "z": 0.0
            },
            "scale": {
                "x": 1.0,
                "y": 1.0,
                "z": 1.0
            },
            "collision": 1
        },
        {
            "name": "tire_wall",
            "position": {
                "x": -47.0,
                "y": 0.0,
                "z": 2.640000104904175
            },
            "eulerAngles": {
                "x": 0.0,
                "y": 0.0,
                "z": 0.0
            },
            "scale": {
                "x": 1.0,
                "y": 1.0,
                "z": 1.0
            },
            "collision": 2
        },
        {
            "name": "tire_wall",
            "position": {
                "x": -23.56999969482422,
                "y": 0.0,
                "z": -16.350000381469728
            },
            "eulerAngles": {
                "x": 0.0,
                "y": 281.734375,
                "z": 0.0
            },
            "scale": {
                "x": 1.0,
                "y": 1.0,
                "z": 1.0
            },
            "collision": 2
        },
        {
            "name": "tire_wall",
            "position": {
                "x": -21.760000228881837,
                "y": 0.0,
                "z": -12.3100004196167
            },
            "eulerAngles": {
                "x": 0.0,
                "y": 281.734375,
                "z": 0.0
            },
            "scale": {
                "x": 1.0000004768371583,
                "y": 1.0,
                "z": 1.0000004768371583
            },
            "collision": 2
        },
        {
            "name": "tire_wall",
            "position": {
                "x": -22.56999969482422,
                "y": 0.0,
                "z": -11.630000114440918
            },
            "eulerAngles": {
                "x": 0.0,
                "y": 281.734375,
                "z": 0.0
            },
            "scale": {
                "x": 1.0000004768371583,
                "y": 1.0,
                "z": 1.0000004768371583
            },
            "collision": 2
        },
        {
            "name": "tire_wall",
            "position": {
                "x": -21.239999771118165,
                "y": 0.0,
                "z": -6.920000076293945
            },
            "eulerAngles": {
                "x": 0.0,
                "y": 289.84747314453127,
                "z": 0.0
            },
            "scale": {
                "x": 1.0000004768371583,