{
    "trackName": "Grunwald",
    "layoutName": "Lang",
    "scale": {
        "x": 25.0,
        "y": 25.0,
        "z": 25.0
    },
    "cameraPosition": {
        "x": 25.8,
        "y": 171.9,
        "z": 86.3
    },
    "cameraEulerAngles": {
        "x": 69.79301,
        "y": 203.938,
        "z": 0.0
    },
    "portals": [
        {
            "position": {
                "x": -27.989999771118165,
                "y": 0.0,
                "z": 18.84000015258789
            },
            "eulerAngles": {
                "x": 0.0,
                "y": 219.6963348388672,
                "z": 0.0
            },
            "center": {
                "x": 11.176627159118653,
                "y": 0.0,
                "z": 5.539948463439941
            },
            "size": {
                "x": 40.197547912597659,
                "y": 20.0,
                "z": 11.09001350402832
            }
        },
        {
            "position": {
                "x": -39.773719787597659,
                "y": 1.1970087143708952e-9,
                "z": -15.210039138793946
            },
            "eulerAngles": {
                "x": -0.0000026301720481569648,
                "y": 153.5619354248047,
                "z": 0.000008914801583159715
            },
            "center": {
                "x": 4.81245756149292,
                "y": 1.1368683772161603e-13,
                "z": 5.292442321777344
            },
            "size": {
                "x": 27.46933937072754,
                "y": 20.0,
                "z": 11.584847450256348
            }
        },
        {
            "position": {
                "x": -6.900000095367432,
                "y": 0.0,
                "z": -37.900001525878909
            },
            "eulerAngles": {
                "x": 0.0000065768949752964549,
                "y": 92.12527465820313,
                "z": 0.000006825488526374102
            },
            "center": {
                "x": 3.0605459213256838,
                "y": 0.0,
                "z": 5.292428016662598
            },
            "size": {
                "x": 23.965599060058595,
                "y": 20.0,
                "z": 11.584846496582032
            }
        },
        {
            "position": {
                "x": 37.70000076293945,
                "y": 0.0,
                "z": -6.199999809265137
            },
            "eulerAngles": {
                "x": -0.000001269897893507732,
                "y": 308.3632507324219,
                "z": -0.000009393091204401571
            },
            "center": {
                "x": 6.7715163230896,
                "y": -1.1368683772161603e-13,
                "z": 5.292531967163086
            },
            "size": {
                "x": 31.38722801208496,
                "y": 20.0,
                "z": 11.584846496582032
            }
        },
        {
            "position": {
                "x": -18.899999618530275,
                "y": 0.0,
                "z": -25.100000381469728
            },
            "eulerAngles": {
                "x": 0.0000011216700386285084,
                "y": 322.8588562011719,
                "z": -0.000009411944120074622
            },
            "center": {
                "x": 7.1447858810424809,
                "y": -1.1368683772161603e-13,
                "z": 5.292446613311768
            },
            "size": {
                "x": 32.13385772705078,
                "y": 20.0,
                "z": 11.584846496582032
            }
        },
        {
            "position": {
                "x": 37.0099983215332,
                "y": 0.0,
                "z": 24.649999618530275
            },
            "eulerAngles": {
                "x": 0.0000065755093601183038,
                "y": 359.9884033203125,
                "z": -0.000006826820481364848
            },
            "center": {
                "x": 7.1447858810424809,
                "y": -1.1368683772161603e-13,
                "z": 5.292446613311768
            },
            "size": {
                "x": 32.13385772705078,
                "y": 20.0,
                "z": 11.584846496582032
            }
        },
        {
            "position": {
                "x": 15.4399995803833,
                "y": 0.0,
                "z": 40.59000015258789
            },
            "eulerAngles": {
                "x": -0.0000068993590502941519,
                "y": 269.3526611328125,
                "z": -0.000006499358732980909
            },
            "center": {
                "x": 9.803977012634278,
                "y": -7.958078640513122e-13,
                "z": 5.2925543785095219
            },
            "size": {
                "x": 40.118980407714847,
                "y": 20.0,
                "z": 11.584845542907715
            }
        }
    ],
    "grids": [
        {
            "position": {
                "x": -27.773326873779298,
                "y": 0.0,
                "z": 23.09688377380371
            },
            "eulerAngles": {
                "x": 0.0,
                "y": 220.75064086914063,
                "z": 0.0
            }
        },
        {
            "position": {
                "x": -21.55835723876953,
                "y": 0.0,
                "z": 21.80729866027832
            },
            "eulerAngles": {
                "x": 0.0,
                "y": 220.75064086914063,
                "z": 0.0
            }
        },
        {
            "position": {
                "x": -22.673439025878908,
                "y": 0.0,
                "z": 29.275894165039064
            },
            "eulerAngles": {
                "x": 0.0,
                "y": 220.75064086914063,
                "z": 0.0
            }
        },
        {
            "position": {
                "x": -16.462657928466798,
                "y": 0.0,
                "z": 28.042720794677736
            },
            "eulerAngles": {
                "x": 0.0,
                "y": 220.75064086914063,
                "z": 0.0
            }
        }
    ],
    "pits": [],
    "trackObjects": []
}